Model,MAE,RMSE,R2
Random Forest,10.299330600778264,15.198586942076263,0.6659137378708604
MLP Regressor,12.945439699826464,17.276413850250062,0.5683225218155323
Gradient Boosting,13.828996436158397,18.080655886726618,0.5271966395843951
Linear Regression,20.449605427323768,24.348557883180487,0.14256998751097283
