Model,Accuracy,Precision,Recall,F1,ROC_AUC
Random Forest,0.9438552713661884,0.7563805104408353,0.9157303370786517,0.8284625158831004,0.9856914349496616
Gradient Boosting,0.9426076107298814,0.8573770491803279,0.7345505617977528,0.7912254160363086,0.9772605263374405
Logistic Regression,0.9062175088375962,0.6280667320902846,0.898876404494382,0.7394569612940497,0.962173610177905
