Model,MAE,RMSE,R2
Random Forest,0.00892816800796236,0.04934290987570183,0.855923909009795
MLP Regressor,0.02429536357357068,0.06164964045272535,0.775092727734527
Gradient Boosting,0.01899184118591438,0.06802252429319375,0.7261908916269599
Linear Regression,0.04990414726505223,0.11488185043205915,0.21901040714951947
